country,Surface area (km2),Population in thousands (2017),"Population density (per km2, 2017)","Sex ratio (m per 100 f, 2017)",GDP: Gross domestic product (million current US$),"GDP growth rate (annual %, const. 2005 prices)",GDP per capita (current US$),Economy: Agriculture (% of GVA),Economy: Industry (% of GVA),Economy: Services and other activity (% of GVA),Employment: Agriculture (% of employed),Employment: Industry (% of employed),Employment: Services (% of employed),Unemployment (% of labour force),Agricultural production index (2004-2006=100),Food production index (2004-2006=100),International trade: Exports (million US$),International trade: Imports (million US$),International trade: Balance (million US$),"Balance of payments, current account (million US$)",Population growth rate (average annual %),Urban population (% of total population),Urban population growth rate (average annual %),"Fertility rate, total (live births per woman)",Refugees and others of concern to UNHCR (in thousands),Infant mortality rate (per 1000 live births,Health: Total expenditure (% of GDP),Health: Physicians (per 1000 pop.),Education: Government expenditure (% of GDP),Seats held by women in national parliaments %,Mobile-cellular subscriptions (per 100 inhabitants),Mobile-cellular subscriptions (per 100 inhabitants).1,Individuals using the Internet (per 100 inhabitants),Threatened species (number),CO2 emission estimates (million tons/tons per capita),"Energy production, primary (Petajoules)","Pop. using improved sanitation facilities (urban/rural, %)",Net Official Development Assist. received (% of GNI),Income Group
Afghanistan,0.037847257339211696,0.020853712326343376,-0.17754939506021566,0.21573035548385042,-0.20411556092340916,0.14904511062010847,-0.583915891345134,0.6523454712651497,0.19018222533180162,0.1420953142742493,1.212921775325521,0.051148632070943986,-0.24973647277008293,0.2350306215385164,0.410683155627781,0.3957500187479703,-0.30940253322902767,-0.2982649091528654,-0.021097102904080376,-0.12973330996459856,1.3819885364022146,-1.3044543553835892,1.3021948730136617,0.34154368520263295,1.418225000144781,1.299852796963142,0.48820397227058626,0.4230165855063686,0.48462347420958324,0.5669455077736066,-0.47304609914750007,-0.6393077682534982,-0.5297805497807737,-0.7472318081656075,-0.24276691752432264,-0.6240406801703872,1.0836565006961005,0.0,1
Albania,-0.3124757859670952,-0.22428898825357266,-0.15472673304829593,0.06006585664001789,-0.21003169101532188,0.31779488977567477,-0.43991503155534895,0.626724051231277,0.26013027715659065,0.10910391756296052,0.7123165282854157,0.3053138738415146,0.0039047723322690533,0.5375667202134371,0.5543386179069488,0.538469316847632,-0.3070552570075412,-0.29320895958245924,-0.029635509785507802,-0.04547090252047381,-1.0271665661563867,-0.08384190600739187,0.2116529659510219,0.17642017237067742,-0.2804667028498705,0.049329240719368665,0.4304696707314697,0.44948690960762516,0.48951866081776085,0.46162414523435563,0.21583160534426463,0.5331489990998822,-0.2322873728871311,0.021240376259779314,-0.24064382339737253,-0.3689848457222567,0.723607290984696,0.0,3
Algeria,1.0082845672980623,0.06437782125139105,-0.1936774095486389,0.0636036861591957,-0.10617375276070859,0.35829483677301066,-0.43263572596823663,0.3363479575140522,0.5528758273862633,0.08436037002949381,-0.0460260736664267,0.8013954300684115,0.3134330714402242,0.3526835488009855,0.9693432867134336,0.9666272111466172,-0.17651130365780812,-0.09840106432744565,-0.23547261504095762,-0.6075156397349781,0.5059321354718141,0.4449576241783877,0.5751669349719016,0.23604810755999467,-0.1777073164425626,0.35269699232665447,0.46310210203618773,0.41507548827599167,0.40385289517465267,0.6525191148367482,0.31731805288099774,-0.0019176347286604084,-0.21538435147271962,-0.7855082004933087,0.3473521500474762,-0.2126603020282412,0.6668805340675228,0.0,3
Angola,0.3711738100070556,-0.022354568579552255,-0.1908082748957119,-0.1415904259531293,-0.13790898880420963,0.33129487210812003,-0.40864272344449976,0.18261943731081562,0.9129787608546219,-0.09090642499922834,-0.20959016428349078,0.8963246167538054,0.3886656441400744,0.15099281635103845,1.2087690571787133,1.2044927079793868,-0.21833846188235156,-0.274284737802583,0.18386756881742122,-0.24107465983690704,1.6010026366348145,-0.6126414361931711,1.9080514880484616,0.3736510349199576,-0.23879833627372038,1.2257476973338817,0.36520480812203343,0.41507548827599167,0.40385289517465267,0.7973359883282184,-0.4853474867277102,-0.5519064455962464,-0.1781977043610143,0.5600542067189587,0.14535490882622318,-0.4594885289135288,0.6740932145002906,0.0,2
Argentina,1.2320561644393775,0.08658353888367608,-0.1941555986574601,-0.15220391451066323,0.21072044477567276,0.3110448986094521,0.01339419094803171,0.15984484172515093,0.3067623117064501,0.40808845025901597,-0.2641115278225121,0.5043589426979855,0.7089414536337221,0.14679092609166455,0.31491284744166914,0.30060382001486247,-0.04731330830015756,-0.05928059712463906,0.039458365665373106,-0.3636322675864919,-0.22411486530351957,1.2838801871046992,-0.5153749720907381,0.20394075784267,-0.28475775415039545,0.028487181448639102,0.40285761347363125,0.5156627198607665,0.5335753402913593,0.8126953536985257,0.7924591481666122,0.6631851132972574,0.19366876675603895,-0.5146291163280383,0.07104661438296941,0.034167924857046374,0.666100784831548,0.0,0
Australia,3.989023905830169,-0.0624572072971195,-0.19980692448898307,-0.031917710858610907,0.6163681155387871,0.3110448986094521,1.5895502247738793,0.06020598603786795,0.2730836200871071,0.509124602687338,-0.24676382124191443,0.39411859686978623,0.7734265159478794,0.10477202349792558,0.18721910319351995,0.173742221704052,0.566969810321667,0.5551297831860441,0.012284206411248961,-1.2670272806614606,0.14090863508414728,1.188457715492228,-0.21244666457333816,0.18559370086134158,-0.22468303594304623,-0.19845968616597162,0.5183262165518646,0.5050745902202638,0.5311277469872705,0.5888874583026174,0.6217773954911975,0.9872095290021914,2.533046930510592,-0.332080168303617,1.2958697261925194,1.1613501609665262,-1.2639735115152932,0.0,0
Austria,-0.2815346514405432,-0.18062952446317412,-0.15511797868278598,-0.1415904259531293,0.037637887970506136,0.26379496044589357,1.2795906234203538,0.02604409265937093,0.31971565463696655,0.4946908666261493,-0.19719894529734955,0.5288567973264744,0.6358583830110107,0.13418525531354286,0.139333949100464,0.1261691223374981,0.36145739400116506,0.370952699243919,-0.04519629150576415,0.13264932373099483,-0.516133665613653,0.2580886172706309,-0.878888941111618,0.1626598796346811,-0.10250099628073066,-0.212354392346458,0.563509582973782,0.5527211736025256,0.5384705268995369,0.6305771643077376,1.0000450635826574,0.9722873519631486,-0.27285462428171875,0.5718315582044051,-0.19808084113803942,0.6347832769445795,-1.2639735115152932,0.0,0
Bahrain,-0.3281795778624809,-0.23509481833741744,0.6525434261161787,2.4091846573742224,-0.19675784431465623,0.3279198765250087,0.35768092376944666,-0.002424151822709927,0.6409585593137755,0.2596271650582159,-0.28889396579479454,0.7677108799542394,0.5477287978483288,-0.07170736739577813,1.0810753129305641,1.061773409879725,-0.2561510326010987,-0.24692015697601596,-0.017464346877476413,0.00522917643923809,0.5059321354718141,1.1646020975891098,-0.0912753415663782,0.19476722935200583,-0.28995218467208356,-0.12898615526353976,0.40787798752051097,0.43889877996712245,0.4699379143850504,0.12371810708759186,1.4290559554424842,1.1769343513557387,-0.5500641754780675,-0.7855082004933087,-0.1519793686671228,2.732823205469524,-1.2639735115152932,0.0,0
Bangladesh,-0.24577971560238418,0.9919496740714463,0.3487194550660702,0.052990197601661744,-0.08605321729976088,0.4527947131001278,-0.5588646260315109,0.43029316430491904,0.31453431746475996,0.2039541831079159,0.6924905779075898,0.32981172847000334,0.0039047723322690533,0.04174366960731712,0.6660706441240793,0.6336155155807398,-0.14838590464678286,-0.07299273646817474,-0.22823570736591192,0.03900761779219192,-0.07810546514845287,-1.0022831952774298,1.0598522269997417,0.1993539935973379,-0.02729467611889873,0.4823809166778606,0.35265387300483414,0.4256636179164942,0.45035716795233993,0.404575073858928,-0.13783328758677527,-0.5092716540561234,-0.16129468294660276,-0.48518573761442196,-0.1037548020692561,-0.5746750347933297,0.6900780738377759,0.0,2
Belgium,-0.31147665276575887,-0.16037893266373504,-0.037092212278286886,-0.10267430124217128,0.09059772361972815,0.28066993836145016,1.1150714620080375,0.008963145970122413,0.1616848708846653,0.6328423403546712,-0.2839374782003381,0.39411859686978623,0.8056690471049581,0.22242495076039476,0.139333949100464,0.1103114225486468,1.537563870612228,1.39690176129907,0.37122624578006663,0.022777541364764967,-0.516133665613653,1.5264123024530645,-0.8183032796081381,0.1810069366160095,-0.21835938139490418,-0.2077228236196292,0.5484484608331428,0.49448646057976126,0.5653940532445138,0.7929475982224162,0.3588352359642068,0.9978682268872221,-0.5466835711951852,-0.1436425445364722,-0.19656434533307507,0.9474323643326105,-1.2639735115152932,0.0,0
Benin,-0.2641946386002724,-0.162281420493389,-0.15811752854720973,-0.024842051820254767,-0.21210901244179828,0.40554477493656926,-0.5772364108211151,0.6494986468169417,0.23163292270945435,0.11322784215187154,0.7569249166355242,0.057273095728066145,0.13932340319199948,-0.08431303817389982,0.8416495424652845,0.9190541117800632,-0.31428337743561063,-0.30257233939540945,-0.022670343703003352,-0.03818789885064307,1.089969736092081,-0.6166173725103575,1.1204378885032218,0.33695692095730084,-0.28950049506150194,1.2790107376924127,0.39783723942675153,0.41772252068611726,0.51154700055456,0.11713552192888867,-0.1040044717411977,-0.6712838619085905,-0.3742727527681878,0.33039585275275113,-0.23943062675340104,-0.5253093894162721,0.7651289378003587,0.0,1
Botswana,-0.0019294702897196775,-0.22908656625878698,-0.19945915059165858,-0.08852298316545901,-0.20810008707879407,0.21992001786544632,-0.338099011559977,0.05735916158965986,0.45183975252823466,0.36684920436990487,0.3232322521205815,0.20119799167043748,0.4144596690657372,0.6552196474759063,0.1712573851625013,0.15788452191520072,-0.28209681797788655,-0.28662382635451883,0.026500582357880224,0.0051427312918217016,0.3599227353167474,-0.08384190600739187,-0.33361798758029815,0.23146134331466256,-0.28724204700859407,0.5263808195827342,0.4179187356142704,0.4256636179164942,0.40385289517465267,0.16760200814561313,1.1784151834957035,-0.23001376946831814,-0.5771090097411259,-0.2408056942914062,-0.24438451304961797,-0.3031639852195133,0.6748729637362655,0.0,3
Brazil,4.451379530478004,1.3274643064172957,-0.1903300857868907,-0.12743910787641752,0.9835301028170611,0.10179517245654991,-0.24522466946943347,0.13707024613948626,0.17463821381518177,0.5276822633374381,0.06301665341161597,0.4033052923554695,0.4961407479970032,0.39470245139472454,0.5703003359379675,0.5701847164253346,0.5465010027950143,0.31700879406357285,0.6910517980120267,-1.291577702527715,-0.29711956538105294,1.0413480717563344,-0.3942036490837782,0.1810069366160095,-0.2439927667954085,0.07711865308034144,0.4907141592940262,0.465369104068379,0.550708493419981,0.1939323487804259,0.5264416417445691,0.44361593686562417,2.6750323103916487,0.9339851163818864,0.8577035382781496,-0.1632946566511837,0.6670754713765167,0.0,3
Bulgaria,-0.26630572847118583,-0.19304457350174595,-0.17281097570916945,-0.19819569825997788,-0.184675492252733,0.33129487210812003,-0.31726794401168973,0.13422342169127816,0.3015809745342435,0.4287080732035715,-0.15259055694724116,0.6452216068117957,0.5154862666912502,0.2140211702416469,0.28298941137963185,0.30060382001486247,-0.1946933797861477,-0.1820515433233753,-0.03077968491199724,-0.014826097761364058,-1.3921900665440534,0.5721875863283498,-1.3029885716359781,0.1672466438800132,-0.2523490245911676,-0.0965651741757382,0.4932243463174661,0.5209567846810178,0.5042042206422936,0.38043892827701625,0.5679588248277784,0.3924541870174767,-0.320183084242071,0.22439968938373223,-0.2012149324682991,0.18226486098821892,-1.2639735115152932,0.0,3
Burkina Faso,-0.17539302681138863,-0.10199586740905811,-0.17068086058805695,-0.024842051820254767,-0.21035430276051037,0.36841982352234465,-0.5844343115782361,0.9711898094644552,0.15132219654025214,-0.055853065993483844,1.6689186340155175,-0.10502519118567168,-0.5377697511066521,-0.004477123245795766,0.5064534638138929,0.538469316847632,-0.3067897912443969,-0.29766333840470627,-0.014947161599199649,-0.04062997426515605,1.2359791362471477,-1.1772243932336275,2.4533224415797816,0.3553039779386292,-0.2534782486176215,1.211852991153395,0.40787798752051097,0.41507548827599167,0.5042042206422936,0.20051493393912911,-0.18088814411751072,-0.5732238413663078,-0.566967196892479,-0.22608400493459802,-0.2367009343044652,-0.5911302499190155,0.843493736015835,0.0,1
Burundi,-0.31299106926980685,-0.16462757149280413,-0.01726910013079089,-0.11682561931888305,-0.2160000083013092,0.09167018570721594,-0.6001368748370747,1.0224326495322007,-0.05334062176190847,0.06992663396830487,1.9440036955078523,-0.1754565232425768,-0.7269259338948469,-0.05489980635828254,0.15529566713148266,0.34817691938141637,-0.3156200208395126,-0.3117795863424252,0.001900817138357316,-0.027166142555053528,1.2359791362471477,-1.8849410576927907,2.3321511185728214,0.3736510349199576,-0.17386795475261924,1.5129049583972662,0.4706326631065073,0.41507548827599167,0.5360229335954481,0.7578404773759992,-0.7098478100665442,-0.7117869138717073,-0.46554906840600996,-0.49696308909986847,-0.24347461556663935,-0.6158130726075443,0.8980761825340772,0.0,1
Cambodia,-0.22699545010647385,-0.1259687180056462,-0.16176915446911688,-0.17343089162573166,-0.20562017872659924,0.46629469543257307,-0.5609725826818106,0.791839869227346,0.3482130090841028,-0.08472053811586173,0.7370989662576981,0.3451228876128088,-0.045533775441918146,-0.11372626998951711,1.2087690571787133,1.220350407768238,-0.25469795684494045,-0.2443301882587507,-0.021082800714999256,-0.054871812302006065,0.2139133351616807,-1.543010534414768,0.4539956119649418,0.2222878148239984,-0.29006510707472893,0.40364424832177115,0.4254492966845899,0.4203695530962429,0.45035716795233993,0.404575073858928,0.6248527423862498,-0.4112116335138406,0.19028816247315664,0.7897125606851662,-0.23114044968626252,-0.5253093894162721,0.7432959591930619,0.0,2
Cameroon,-0.06162487251562919,-0.06544253404958045,-0.17907090586101032,-7.72451860085347e-05,-0.19859456244377566,0.4257947484352372,-0.558461886346291,0.6352645245759012,0.31971565463696655,0.055492897907116076,1.2178782629199771,0.011339618299649773,-0.22824145199869716,0.0669550111635605,0.8895346965583404,0.9507695113577659,-0.30627283160037905,-0.292152766665844,-0.030507943319456,-0.04441194946462305,1.016965036014548,-0.2031199955229812,1.0598522269997417,0.3277833924666366,0.32491029773208296,1.274379168965584,0.38528630430955224,0.41507548827599167,0.47728069429731684,0.6415481395722429,-0.31620340749982156,-0.3749720607047361,1.9482023895719538,0.37750525869453716,-0.2078875140101423,-0.549992212104801,0.7109363659001041,0.0,2
Canada,5.275890629827747,0.029080280253779824,-0.19945915059165858,-0.06022034701203495,0.8345709070339417,0.26041996486278224,1.2405120205598175,0.040278214900411356,0.32748766039527644,0.4781951682705046,-0.2616332840252839,0.34206065578424766,0.8228650637220669,0.17200226764790794,0.15529566713148266,0.1420268221263494,1.4950800339209593,1.5357727612615155,-0.1917651252090611,-1.1662538500608057,-0.22411486530351957,0.886286555386068,-0.3942036490837782,0.1718334081253453,-0.11447077096114235,-0.17993341125865644,0.5434280867862632,0.48125129852913295,0.5335753402913593,0.5362267770329918,-0.16089838929966915,1.0703473725054313,-0.2593322071501895,0.31567416339594295,1.6996620091943635,2.000566132376504,-1.2639735115152932,0.0,0
Chad,0.3921107023721372,-0.13427800279524152,-0.19606835509274478,-7.72451860085347e-05,-0.21107001285067648,0.4527947131001278,-0.5800684420118634,0.7121287846775195,0.5969171933500195,-0.2228720118443838,1.584658344909757,-0.19382991421394333,-0.4023511202469219,0.11737769427604727,0.7458792342791726,0.8080502132581041,-0.3069248527730142,-0.30835384757809914,0.01793357109829056,-0.021201427383322716,1.4549932364797478,-1.4714436807054145,0.9386809039927817,0.38741132765595393,0.2880975944696847,1.8232200630947955,0.37273536919235295,0.41507548827599167,0.47238550768913923,0.24001044489134826,-0.8021082169181197,-0.7586851845658424,-0.5263999454978914,-0.6912893886097364,-0.2200194804498572,-0.6158130726075443,0.7777998628849507,0.0,1
Chile,0.09579586039514443,-0.11055330278513002,-0.19063438794704962,-0.0708338355695689,-0.054652792605258,0.3076699030263408,-0.03580431761983798,0.10006152831278115,0.43629574101161483,0.34829154371980475,-0.07576499923316564,0.44617653795532475,0.588569337313962,0.15939659686978624,0.18721910319351995,0.173742221704052,-0.037295468712027845,-0.04461329201303392,0.024526880264685944,-0.1219532466971236,-0.29711956538105294,1.192433651809414,-0.4547893105872581,0.1810069366160095,-0.28622574538478557,-0.11740723344646778,0.4781632241768269,0.41507548827599167,0.5237849670750041,0.3058362964783802,0.5710341717228307,0.5544663948699438,-0.005786885934016877,-0.12008784156557921,-0.19454235092645591,0.034167924857046374,0.6662957221405418,0.0,0
China,5.059971209289519,10.352844011151408,-0.13594694259277346,0.21573035548385042,7.3448549145091615,0.4629196998494618,-0.26318514564434503,0.25094322406780967,0.6513212336581887,0.06786467167384944,0.35544942148454867,0.47679885624093565,0.1930609551204639,0.0669550111635605,0.5224151818449115,0.5226116170587807,9.552524820641356,6.980869723579896,7.59331685293772,7.125672746553457,-0.5891383656911864,-0.15540875971674536,0.6963382579788617,0.1718334081253453,0.050283014498486454,-0.020144290183063192,0.4204289226377102,0.45478097442787646,-2.0192644758732636,0.4791777056575641,0.012858710270798221,0.2560228540890832,2.979286695851056,-0.16130857176464206,10.00176884333193,0.05062313998273222,0.6659058475225543,0.0,3
Colombia,0.3122631202617462,0.12264057107020054,-0.18198351225110293,-0.12036344883806137,-0.019894765840032747,0.3346698676912314,-0.3511452066822589,0.18261943731081562,0.4673837640448545,0.2637510896471271,0.02088650885873585,0.2532559327559761,0.6401573871652879,0.3148665364666205,0.23510425728657589,0.23717302085945724,-0.1716071729807739,-0.10877930776896964,-0.18808946261521378,-0.4279906798379932,-0.22411486530351957,0.6715859942580076,-0.0912753415663782,0.18559370086134158,7.757575762254516,0.1257501247120437,0.46310210203618773,0.41507548827599167,0.5139945938586489,0.36946795301251095,0.3588352359642068,0.3754002704014274,2.151038646544892,0.7455474926147416,0.2947802954753783,-0.4101228835364713,0.6750679010452592,0.0,3
Congo,-0.13664405923394424,-0.2067605331906345,-0.1945033725547846,-0.003615074705186855,-0.21209749059375582,0.2705449516121162,-0.5318639292628341,0.12283612389844584,1.400024455042042,-0.43525412817330594,0.6949688217048181,0.5349812609835964,-0.1422613689131541,0.35688543906035947,0.10741051303842672,0.0944537227597955,-0.3043633410233762,-0.26967881825751727,-0.0946532613482701,-0.019061909984767096,0.9439603359370143,0.2342329993675133,0.8175095809858218,0.32319662822130457,-0.2284094752303442,0.7880644526485608,0.4128983615673906,0.41507548827599167,0.40385289517465267,0.1215239120346908,0.2973282980631564,-0.6542299452925413,-0.2187649557556019,1.116534064406308,-0.1836235811307125,-0.4677161364763717,0.686374264966895,0.0,2
Costa Rica,-0.2999293672500898,-0.2094300319239434,-0.15942168066217657,-0.003615074705186855,-0.18196108040508605,0.35491984118989933,-0.1386828848698326,0.13422342169127816,0.14355019078194223,0.5565497354598159,-0.026200123288600777,0.32981172847000334,0.6272603747024563,0.2350306215385164,0.4426065916898183,0.45918081790337545,-0.27004839816640747,-0.24428885897070923,-0.06835153562809415,-0.07293884811203127,-0.15111016522598614,0.6874897395267524,0.5145812734684219,0.18559370086134158,-0.2789987116154804,-0.07340733054159426,0.5158160295284248,0.44683987719749946,0.5800796130690465,0.7293159416882854,0.8970209425983977,0.45853811390466714,0.47763952651815234,0.7632135198429114,-0.23801523066876765,-0.3031639852195133,0.6701944683204162,0.0,3
Cyprus,-0.32341966238645165,-0.23744848905157429,-0.14568461171785918,-7.72451860085347e-05,-0.2045960897623559,0.2874199295276728,0.3294762924098467,0.05451233714145178,-0.13883268510331734,0.8411005320946824,-0.21206840808071903,0.2563181645845371,0.8400610803391755,0.3064627559478727,-0.3075941557680581,-0.31784647175033837,-0.30725086335933177,-0.2843231626535438,-0.057910937598878026,-0.031510011212727056,-0.29711956538105294,0.293872044125308,-0.5759606335942181,0.1626598796346811,-0.2721104450541114,-0.1915123330757284,0.4681224760830675,0.48125129852913295,0.5531560867240698,0.3519143925893024,0.04668752611637599,0.7122151235683987,-0.42836242129430463,-0.25847172151957604,-0.24863070130351816,-0.07279097345991158,-1.2639735115152932,0.0,0
Denmark,-0.3045203281791515,-0.2032037081178032,-0.14246770316760765,-0.04253119941614486,-0.013640435620285874,0.28404493394456154,1.6665463405513932,0.023197268211162844,0.17981955098738836,0.6060368305267491,-0.25419855263359914,0.33287396029856436,0.8228650637220669,0.12578147479479507,0.09144879500740807,0.07859602297094419,0.12324611587301137,0.07629324408072058,0.14097530376314843,0.5770206040249403,-0.5891383656911864,1.1208667981000606,-0.7577176181046582,0.17642017237067742,-0.23597527620758557,-0.2077228236196292,0.5534688348800225,0.5103686550405152,0.6143459193262899,0.7797824279050098,0.5525820903525157,1.2366230595119105,-0.5128775283663621,-0.38507824998812634,-0.1818037861647553,0.31390658199370564,-1.2639735115152932,0.0,0
Dominican,-0.3012927911523628,-0.16535698382275052,-0.10434298967341031,-0.035455540377788725,-0.1723742250780033,0.46629469543257307,-0.3375420311442474,0.17692578841439943,0.3119436488786566,0.39159275190337156,0.01097353366982287,0.26244262824165926,0.6423068892424264,0.4787402565822025,0.5862620539689861,0.6019001160030372,-0.29874198705644334,-0.21029322348504456,-0.26234642832437827,-0.047912977934986785,-0.07810546514845287,0.7749603385048514,0.4539956119649418,0.21311428633333418,-0.288935883048275,0.2924865988778802,0.3928168653798718,0.45478097442787646,0.40385289517465267,0.5471977522974971,-0.1501346751669855,0.2901306873211816,-0.049734741611486805,0.38044959656589883,-0.24630540773590615,-0.43480570622500003,0.6742881518092844,0.0,3
Ecuador,-0.18423367171085336,-0.12130649486578278,-0.17211542791452047,-0.01069073374354249,-0.14995813083353993,0.23679499578100294,-0.3447613542250504,0.2765646441016824,0.46997443263095784,0.19364437163563814,0.3232322521205815,0.33287396029856436,0.3220310797487785,0.11737769427604727,0.2989511294106505,0.30060382001486247,-0.23795964188457866,-0.2403074708893812,0.01779054920747938,-0.06662835235063491,0.2139133351616807,0.16664208197534588,0.02989598144058176,0.21770105057866632,-0.14010415636164664,0.1998552243413044,0.5133058425049848,0.4600750392481277,0.5262325603790929,0.8719386201268546,-0.19934022548782568,0.22617850001099718,7.299698969374639,0.6866607351875089,-0.12306484865246897,-0.3196192003451992,0.6719489041013597,0.0,3
Egypt,0.2338210603626733,0.48724897975174625,-0.1585957176560309,0.07421717471672966,-0.003739101617221063,0.371794819105456,-0.46270409948816266,0.30787971303197137,0.5269691415252303,0.1255996159186049,0.3157975207288968,0.519670101840791,0.19735995927474095,0.35688543906035947,0.3308745654726878,0.34817691938141637,-0.21137114992333622,-0.04806199149293857,-0.49929079483125965,-0.38182897111764175,0.651941535626881,-0.6524007993650343,-0.0912753415663782,0.25439516454132305,-0.000757911497231305,0.14890796834618764,0.42293910966115,0.43625174755699686,0.40385289517465267,0.2860885410022706,0.2865645839304725,-0.05094764499980187,-0.14439166153219127,-0.8061185655928402,0.10562271873615688,-0.3689848457222567,0.6811109576240646,0.0,2
El Salvador,-0.3168018082045666,-0.1983610118241386,-0.06739201308268315,-0.41400329892983684,-0.2003336837424179,0.3144198941925634,-0.4298379704953795,0.29649241523913905,0.25494893998438406,0.34829154371980475,0.1472769425173763,0.3634962785841753,0.45315070645423167,0.14258903583229068,0.18721910319351995,0.2688884204371598,-0.2913462040411249,-0.2693941053843427,-0.05555107640049356,-0.03894429389053647,-0.5891383656911864,0.28592017149093524,-0.2730323260768182,0.1993539935973379,-0.28509652135833163,0.10490806544131416,0.45306135394242836,0.41507548827599167,0.48951866081776085,0.6634900901012535,0.81398657643198,-0.24280420693035507,-0.3810339613339524,-0.42629898018718926,-0.24044162395671062,-0.43480570622500003,0.6729235906463282,0.0,2
Ethiopia,0.29124315390014904,0.5429249476994057,-0.1555526960544416,-0.017766392781898628,-0.17724457802112217,0.5540445805934676,-0.5847899221513558,1.1419992763569404,0.0010634185462607918,-0.059976990582395015,1.4334854732788345,0.0021529228139665307,-0.40879962647833756,0.11317580401667339,0.9374198506513963,0.9031964119912119,-0.3081636930010209,-0.22684330727409432,-0.23973466738713076,-0.019061909984767096,0.9439603359370143,-1.5907217702210037,1.8474658265449817,0.30943633548530824,0.5516584822440328,0.77185396210466,0.40536780049707116,0.41507548827599167,0.5139945938586489,0.8105011586456247,-0.7621287072824371,-0.5689603622122954,-0.17143649579524967,-0.44102066954399743,-0.11689776571228057,-0.541764604541958,0.7688327466712395,0.0,1
Finland,-0.1386423256366169,-0.2047903679283051,-0.19328616391414888,-0.1062121307613491,-0.0606414425642614,0.23679499578100294,1.195203805972582,0.06020598603786795,0.28085562584541707,0.49881479121506017,-0.20959016428349078,0.418616451498275,0.7239879681736923,0.2476362923166381,0.027601922883333484,0.015165223815538979,-0.04920882699488968,-0.03681583300254377,-0.03634323646455213,-0.040219359814928204,-0.6621430657687197,0.9817090269985397,-0.8183032796081381,0.1810069366160095,-0.2535911710202669,-0.23551223598060197,0.5258567776221841,0.49448646057976126,0.5800796130690465,0.8807154003384589,0.6632945785744063,1.1598804347396894,-0.5500641754780675,1.3432480805011535,-0.17260371161463814,1.4493164256660285,-1.2639735115152932,0.0,0
France,-0.019049449301381548,0.2423093114698565,-0.1495970680627597,-0.12390127835723919,1.4216009317273874,0.2739199471952275,0.9448239712431787,0.03743139045220327,0.09173681905987624,0.6678956993604157,-0.24676382124191443,0.3726829740698586,0.7884730304878496,0.2854533046510032,0.059525358945370775,0.04688062339324159,1.9606883532997041,2.2594991084418794,-1.0159573753866462,-0.12411437538253331,-0.6621430657687197,0.7948400200907829,-0.6365462950976981,0.1901804651066737,0.1118257239402258,-0.21003860798304358,0.5710401440441015,0.4997805254000125,0.5384705268995369,0.5252558017684865,0.15740001433826656,0.9893412685791977,0.2680420609794496,0.09779316091518188,0.326525607659299,0.6347832769445795,-1.2639735115152932,0.0,0
Guyana,-0.2817238131758524,-0.24419367317489285,-0.19971998101465196,-0.0071529042243646725,-0.21792076814556174,-3.1112006226654323,-0.6148582956712818,-2.8293208288933385,-2.9782054554725326,-2.9982732601815605,-2.767137763023038,0.20119799167043748,0.39081514621721286,0.7686706844790016,0.3308745654726878,0.31646151980371373,-0.31665394012754833,-0.31510429795820544,0.007664599338047857,-0.021201427383322716,1.089969736092081,0.9896608996329125,0.5751669349719016,0.25898192878665516,-0.40219705290160446,-0.07340733054159426,-2.2027165168569383,-2.205486597748405,-2.0192644758732636,-2.213099624252041,-2.9425496558746747,-2.9266643343810936,-0.42498181701142235,2.1028872513124557,-0.2488329007441801,-0.2537983398424558,-1.2639735115152932,0.0,3
Gabon,-0.17836741267311965,-0.23109433009482494,-0.1977637528422017,0.19096554884960418,-0.20854469486207905,0.361669832356122,-0.2695432913131353,0.09721470386457305,0.9984708241960307,-0.09709231188259494,0.0877990913838984,0.32981172847000334,0.5305327812312203,0.6342101961790368,-0.0362449492407411,-0.12755407428412274,-0.30291492256130814,-0.30119469646069386,0.007950643119670217,-0.019061909984767096,1.4549932364797478,1.100987116514129,0.5145812734684219,0.28191575001331565,-0.2871291246059487,0.6560647439339402,0.3677149951454733,0.41507548827599167,0.4699379143850504,0.334360832166094,1.1768775100481774,-0.315283352548564,0.24099722671639118,1.7966761126908455,-0.19262145624016772,-0.13861183396265495,0.6801362710790959,0.0,3
Gambia,-0.32227234313727665,-0.2305228317744546,-0.11095069372257564,-0.07790949460792505,-0.2172152243919037,0.3886697970210126,-0.5903425884497063,0.5897153334045719,-0.027433935900875485,0.36272527978099367,0.43970971059030894,0.18588683252763202,0.3241805818259171,1.1216294662664088,-0.2756707197060208,-0.2861310721726358,-0.31604383460172547,-0.31248677638224587,0.002801855050467748,-0.019061909984767096,1.3089838363246813,0.0036286929707070805,1.4839518575241015,0.3553039779386292,-0.281483004473679,0.8644853366412358,0.46561228905962765,0.41507548827599167,0.47238550768913923,0.16540781309271207,0.5987122937783036,-0.45171468547695737,-0.44526544270871615,0.6071636126607448,-0.24842850186285625,-0.6075854650447013,0.9066534241298009,0.0,1
Germany,-0.12801334456891758,0.37115210385440506,-0.09877860731621846,-0.11328778979970523,2.0618456282385234,0.2874199295276728,1.1754138633552356,0.0061163215219143295,0.3767103635312391,0.463761432209316,-0.27898099060588155,0.5870392020691351,0.6681009141680894,0.05014745012606492,0.18721910319351995,0.173742221704052,5.928083498079478,4.556107947045708,4.014837633896599,6.031428459269956,-0.8081524659237865,0.6278506947689577,-1.000060264118578,0.1626598796346811,0.8976527239495178,-0.21003860798304358,0.5660197699972218,0.5236038170911433,0.5262325603790929,0.7710056476934056,0.3742119704394694,1.0511617163123759,-0.2796158328474833,0.153735580471053,0.2567668006309383,0.6347832769445795,-1.2639735115152932,0.0,0
Ghana,-0.19471895721701218,-0.02949829758418171,-0.1461193290895148,-0.031917710858610907,-0.19267097703842373,0.361669832356122,-0.5525364716158753,0.5299320199922021,0.2834462944315203,0.1585910126298938,0.7247077472715568,0.1797623688705098,0.07913734503211924,0.12157958453542118,0.7139557982171353,0.697046314736145,-0.28256254738691167,-0.25982407913118516,-0.058397212027636036,-0.07976801475792597,0.7979509357819475,-0.2190237407917264,0.9386809039927817,0.29108927850397986,-0.2595760583604727,0.7880644526485608,0.37273536919235295,0.41507548827599167,0.5556036800281585,0.23781624983844718,0.5741095186178831,-0.315283352548564,0.1328178896641575,0.395171285922707,-0.2076853145694804,-0.549992212104801,0.7596706931485346,0.0,2
Greece,-0.25454346092399327,-0.16240173592925644,-0.16355149569290492,-0.11682561931888305,-0.085786181527483,0.22329501344855762,0.15150391172529207,0.1057551772091973,-0.006708587212049122,0.6967631714827935,0.0060170460753664005,0.20426022349899856,0.6874464328623363,0.8401028188883577,-0.21182384758194622,-0.20684257322837926,-0.18666886206864536,-0.09608662419712348,-0.27387399272375934,-0.01435064945057392,-1.2461806663889867,0.7352009753329883,-0.8183032796081381,0.158073115389349,-0.18346635897747768,-0.212354392346458,0.4856937852471464,0.5818385301139078,0.40385289517465267,0.36069117280090673,0.33269478735626035,0.6077598842950974,0.5925800721361506,0.10957051240062837,-0.2119315028233806,0.06707835510841806,-1.2639735115152932,0.0,0
Guatemala,-0.2674917781646823,-0.11913329730542709,-0.1325996188310252,-0.11682561931888305,-0.17461691891167716,0.36841982352234465,-0.4433725945976089,0.29649241523913905,0.29121830018983025,0.32148603389188257,0.47936161134596084,0.31143833749863675,0.19950946135187955,-0.025486574542665254,0.9374198506513963,0.9190541117800632,-0.26695595489048085,-0.2366429406830378,-0.08266802689829324,-0.021136593522760424,0.5789368355493475,-0.3144462124041978,0.9386809039927817,0.2452216360506589,-0.288371271035048,0.33417071741933924,0.4380002318017892,0.41507548827599167,0.47728069429731684,0.23781624983844718,0.29425295116810385,-0.2385407277763427,0.3086093123740372,0.17434594557058433,-0.21607659135694987,-0.4018952759736284,0.6787717099161399,0.0,3
Guinea,-0.19061016225421334,-0.15069354007640584,-0.17867966022652024,0.014074072890703239,-0.21183858789068438,0.2334200001978916,-0.580458328302874,0.5527066155778668,0.43629574101161483,0.020439538901371585,1.4136595229010085,-0.028469395471644385,-0.37010858908984323,0.15939659686978624,0.49049174578287424,0.4908962174810781,-0.30802863147240367,-0.3050888338228232,0.004375095849390724,-0.045859905683847554,0.7249462357044141,-0.8869810420790266,1.1810235500067017,0.33237015671196873,-0.28001501323928896,1.2326950504241247,0.42293910966115,0.41507548827599167,0.4821758809054944,0.439682194705345,-0.0794016965807774,-0.7160503930257195,-0.0463541373286045,-0.043535056910176645,-0.23771193150777475,-0.5664474272304868,0.8345266198021237,0.0,1
Haiti,-0.3130359741327883,-0.16374776486802348,-0.028006619210684567,-0.08498515364628119,-0.2120920685476182,0.2874199295276728,-0.5766108789696034,0.4644550576834161,0.5761918446611931,-0.026985593871106113,0.8486199371329691,0.13076665961353234,0.010353278563684875,0.415711902691594,1.0172284408064896,1.0459157100908738,-0.3116100906278066,-0.2994221292180265,-0.024272188880088565,-0.03468687038027933,0.06790393500661383,-0.03613067020115603,1.1810235500067017,0.2406348718053268,-0.28825834863240263,0.7973275901022183,0.4731428501299471,-2.205486597748405,-2.0192644758732636,0.016202549495439738,-0.3454192030028204,-0.5561699247502586,0.02125794832904154,-0.7060110779665446,-0.23538663794016274,-0.533536996979115,0.8945673109721901,0.0,1
Honduras,-0.2654693753981571,-0.17665159536480676,-0.16520342170519622,-0.028379881339432585,-0.2040511741255249,0.35154484560678806,-0.5025667593954569,0.3591225530997169,0.236814259881661,0.31942407159742703,0.4149272726180265,0.40636752418403066,0.19091145304332527,0.10897391375729946,0.3627980015347251,0.30060382001486247,-0.2991611435245659,-0.27585525074815875,-0.059441271830557654,-0.04696208131340651,0.3599227353167474,-0.19119218657142212,0.7569239194823418,0.21770105057866632,-0.09143460082148214,0.35501277669006887,0.5007549073877856,0.41507548827599167,0.5482609001158921,0.5252558017684865,0.048225199563902164,-0.3813672794357546,0.34579595948574254,0.4305033403790467,-0.23852072927042242,-0.43480570622500003,0.7216579178947587,0.0,2
Hungary,-0.2763969738046828,-0.17321508572784292,-0.15450937436246812,-0.3361710495079203,-0.13536062711952734,0.3346698676912314,-0.08145957385072015,0.1057551772091973,0.41297972373668523,0.36272527978099367,-0.2071119204862625,0.6574705341260401,0.5541773040797449,0.06275312090418661,-0.004321513178703809,-0.016550175762163628,0.16383909116363832,0.10802954515345169,0.16679075505456636,0.06621622794150023,-1.1731759663114534,0.46483730576431925,-0.8183032796081381,0.158073115389349,-0.2741430483017285,-0.17530184253182765,0.4681224760830675,0.5024275578101383,0.5188897804668264,0.1807671784630195,0.4080407862850472,0.7356642589154662,-0.44864604699159844,-0.13775386879374896,-0.20637101820517795,0.13289921561116141,-1.2639735115152932,0.0,0
Iceland,-0.2707973373909012,-0.24380264800832366,-0.1997634527518175,0.017611902409881558,-0.2064809285509467,0.371794819105456,1.5717182825410594,0.1712321395179833,0.2083169054345247,0.48025713056496033,-0.21454665187794725,0.286940482870148,0.8185660595677897,0.024936108569821525,0.28298941137963185,0.2688884204371598,-0.2954679093109969,-0.28846068360080623,-0.008854429050643396,-0.0006058710113681385,-0.516133665613653,1.375326722399984,-0.33361798758029815,0.1901804651066737,-0.2898392622694381,-0.2517227265245027,0.5057752814346653,0.5156627198607665,0.5947651728935794,1.0035903233009185,0.33269478735626035,1.2771261114750274,-0.5804896140240082,-0.7943412141073937,-0.22042387933118104,7.167503681841858,-1.2639735115152932,0.0,0
India,1.5165638340061962,9.823929835363385,-0.005401315884592658,0.26172213923316456,1.216439516704748,0.4865446689312411,-0.5414568458075925,0.4729955310280404,0.3559850148424127,0.14003335197979383,0.7841855984050347,0.4951722472123023,-0.19169991668734138,0.016532328051073724,0.6979940801861166,0.6653309151584424,0.8962265306201359,1.323390734302647,-1.369335863202909,-0.5043865788672266,-0.07810546514845287,-1.0658981763524107,0.3328242889579817,0.20852752208800207,-0.052024682298239866,0.6676436657510122,0.40034742645019133,0.4336047151468712,0.49686144073002725,0.21806849436233763,-0.20856626617298335,-0.2619898631234103,2.8846297759303514,-0.11125482795149429,2.086570638900938,-0.443033313787843,0.6690248444664537,0.0,2
Iran,0.5856225962826431,0.3640008551350339,-0.17954909496983149,0.035301050005771654,0.05227470151901648,0.2435449869472256,-0.39476105769862346,0.23386227737856116,0.5995078619361228,0.12147569132969373,0.09771206657281142,0.7401507934971896,0.2317519925089582,0.3484816585416117,0.10741051303842672,0.1103114225486468,-0.1036945105567351,-0.15239548308206471,0.1563072504581069,-0.021201427383322716,-0.07810546514845287,0.5523079047424182,0.15106730444754185,0.17642017237067742,0.8143159907972175,0.05396080944619748,0.4706326631065073,0.45478097442787646,0.47483310099322795,0.08861098624117485,0.015934057165850786,0.1238550003147022,-0.2187649557556019,-0.6147366039543339,1.094580183013583,0.379727442496449,0.6662957221405418,0.0,3
Iraq,-0.08441296785711931,0.04149532929235165,-0.16289941963542148,0.0812928337550858,-0.10654312965383408,0.14904511062010847,-0.41743016061881844,0.11998929945023773,1.0891442247096461,-0.18575669054418387,0.1918853308674846,0.38799413321266407,0.39726365244862866,0.5501723909915589,0.3787597195657437,0.36403461917026764,-0.1888577902910633,-0.10418716465325106,-0.2553669600527927,0.06999820314096722,1.3819885364022146,0.3972463883721518,0.6963382579788617,0.30943633548530824,5.057826959808453,0.45459150431688794,0.4204289226377102,0.43889877996712245,-2.0192644758732636,0.5142848265039812,0.022084750955955697,-0.44958294589995124,-0.42836242129430463,-0.7531204839083309,0.43268031400680435,-0.18797747933971246,0.6830603307140019,0.0,3
Ireland,-0.2894345394605474,-0.21051287084675038,-0.17115904969687815,-0.06375817653121277,-0.025563515076916454,1.117668842973059,1.9820671771327418,0.017503619314746675,0.6668652451748086,0.22457380605247146,-0.1947207015001213,0.286940482870148,0.8013700429506811,0.19301171894477742,0.04356364091435213,0.031022923604390282,0.2860651172681833,0.03893156769123421,0.7573424444030084,0.6069522363178648,-0.7351477658462531,0.14676240038941435,-0.1518610030698581,0.1901804651066737,-0.27854702200489884,-0.21003860798304358,0.4781632241768269,0.48919239575950996,0.5335753402913593,0.44626477986404817,0.17431442226105556,0.8912812480369148,-0.5027357155177152,-0.48813007548578363,-0.24064382339737253,0.27276854417949103,-1.2639735115152932,0.0,0
Israel,-0.31622309678289373,-0.18374268636624422,-0.03404919067669759,-0.053144687973678814,-0.014924782799135063,0.3144198941925634,0.9801793742477997,0.02604409265937093,0.13577818502363231,0.6410901895324935,-0.28889396579479454,0.29306494652727016,0.8787521177276698,0.12157958453542118,0.2031808212245386,0.1895999214929033,-0.034095907672025465,-0.012472882346119575,-0.06574853721533068,0.2757592652788261,0.2139133351616807,1.2958079960562578,-0.2730323260768182,0.23604810755999467,-0.23992756030017431,-0.21003860798304358,0.4781632241768269,0.5103686550405152,0.5458133068118034,0.5625571176678046,0.6325411096238811,0.8657003731128413,-0.08354078444030982,-0.5882375631120792,-0.21749198744158327,0.31390658199370564,-1.2639735115152932,0.0,0
Italy,-0.1590555150371778,0.20004851462141698,-0.1134720544781782,-0.1805065506640878,1.0167326800965562,0.2536699736965596,0.6945341102732395,0.0516655126932437,0.1953635625040082,0.5730454338154604,-0.22693787086408848,0.5747902747548908,0.629409876779595,0.3526835488009855,-0.16393869348889029,-0.17512717365067665,1.8332834161668001,1.5432304016814424,0.823604486415828,0.6151861366092758,-1.0271665661563867,0.37736670678622025,-0.878888941111618,0.1626598796346811,-0.04570102775009785,-0.21930174543670117,0.5133058425049848,0.518309752270892,0.5042042206422936,0.6393539445193418,0.9062469832835557,0.5821790093710235,0.5418710078929161,0.11545918814335163,-0.09354373031582938,0.18226486098821892,-1.2639735115152932,0.0,0
Jamaica,-0.3224435429273933,-0.22458977684324127,-0.08517195358339777,-0.04253119941614486,-0.20818751757276321,0.26379496044589357,-0.39186047507209315,0.19115991065543986,0.16427553947076862,0.49675282892060474,0.12992923593677852,0.21344691898468185,0.5735228227739918,0.42411568321034177,0.04356364091435213,0.031022923604390282,-0.3105948005161319,-0.29275892955711885,-0.04190678801710702,-0.027706424726405957,-0.6621430657687197,-0.18721625025423602,-0.5759606335942181,0.19476722935200583,-0.2904038742826651,0.05859237817302626,0.4179187356142704,0.41507548827599167,0.5384705268995369,0.34313761237769824,0.29425295116810385,0.10466934412164691,0.37960200231456553,0.10368183665790513,-0.2483274021425253,-0.3607572381594138,0.6740932145002906,0.0,3
Jordan,-0.27847719158229656,-0.17336548002267724,-0.15368341135632246,0.08483066327426361,-0.19242630720646353,0.3110448986094521,-0.3989598331402774,0.10290835276098922,0.3041716431203467,0.4534516207370382,-0.2641115278225121,0.29000271469870914,0.8615561011105612,0.4367213539884635,0.5543386179069488,0.5543270166364833,-0.2812212466889194,-0.22644838296614253,-0.15822649181383946,-0.09107071778261877,2.6230684377202818,0.9618293454126081,1.1810235500067017,0.2635686930319873,0.5242183384012021,0.10722384980472859,0.4706326631065073,0.48389833093925866,-2.0192644758732636,0.2970595162667759,1.3383332220384347,0.32210678097627377,-0.2897576456961303,-0.7766751868792239,-0.24842850186285625,-0.2784811625309846,0.778969486738913,0.0,3
Kenya,0.0036600625298911066,0.12740807021644798,-0.16324719353274597,-0.049606858454500996,-0.17488463243972224,0.4190447572690146,-0.5516324495564987,0.9000191982592533,0.07878347612935975,0.05343093561266049,1.2203565067172055,0.008277386471088692,-0.22824145199869716,0.3274722072447422,0.42664487365879966,0.41160771853682154,-0.2897021792272663,-0.24985912857007586,-0.11134391600593477,-0.15605585735288888,1.016965036014548,-1.3481896548726386,1.4839518575241015,0.28650251425864776,0.3672561987241054,0.6236437628461388,0.4254492966845899,0.4203695530962429,0.5335753402913593,0.38482731838281836,-0.17935047066998433,0.15583109396979442,0.9509241261216747,-0.582348887369356,-0.17331140965695485,-0.5006265667277434,0.742516209957087,0.0,2
Kuwait,-0.3186109128719301,-0.2152202122750641,-0.10030011811701312,1.227549597968764,-0.14055291405206752,0.29079492511078414,0.6448985863022589,0.0061163215219143295,0.8482120462020395,0.08848429461840497,-0.24924206503914267,0.5809147384120128,0.6444563913195648,-0.03389035506141304,1.5918502899231608,1.5692198031229667,-0.1008489038675918,-0.17309686424772408,0.22952015636434978,0.16644937637080276,2.988091938107949,1.5423160477218094,1.0598522269997417,0.1901804651066737,-0.18346635897747768,-0.09424938981232382,0.35767424705171386,0.465369104068379,0.40385289517465267,0.02717352475994506,2.144074108542195,0.9339160395770377,-0.5061163198005976,-0.7972855519787554,0.45259695891200297,2.461312155895708,-1.2639735115152932,0.0,0
Laos,-0.19569395405449602,-0.1947515487481153,-0.1882869141401093,-0.024842051820254767,-0.2093241139943622,0.4865446689312411,-0.5313455090297319,0.6608859446097741,0.43629574101161483,-0.05791502828793943,1.6267884894626372,-0.13258527764272152,-0.4818826971010492,-0.06330358687703033,1.496079981737049,1.3630697058678998,-0.3065708984221551,-0.29392533390851133,-0.025916940624417132,-0.06798986342244302,-0.005100765070919439,-0.8313179336384183,1.8474658265449817,0.23146134331466256,-0.40219705290160446,0.8065907275558759,0.3300621897938754,0.4203695530962429,0.48462347420958324,0.5625571176678046,-0.6037483421872322,-0.42826555012988976,0.03478036546057075,1.5611290829819147,-0.24185702004134402,-0.5664474272304868,0.7444655830470243,0.0,2
Lebanon,-0.32274552813094326,-0.2005868473876863,0.05728492910814685,0.014074072890703239,-0.18386489635515854,0.28066993836145016,-0.243378065168053,0.08013375717532455,0.09432748764597958,0.634904302649127,-0.11046041239436105,0.4308653788125193,0.629409876779595,0.16780037738853404,-0.0681683853027784,-0.07998097491756884,-0.3003487535175799,-0.2209286269410488,-0.23415681364549476,-0.19510745269824242,3.4261201385731486,1.1248427344172467,0.8175095809858218,0.17642017237067742,0.9000240944050711,-0.07572311490500869,0.443020605848669,0.4786042661190073,0.4674903210809616,0.02717352475994506,-0.0809393700283038,0.76124513383954,-0.3776533570510701,-0.4145216287017427,-0.24842850186285625,-0.2126603020282412,0.7056730585572736,0.0,3
Lesotho,-0.31157375953195615,-0.22953022942854817,-0.1692028215244279,-0.2052713572983335,-0.21649273674406558,0.32454488094189743,-0.5703170002718588,0.2082408573446884,0.3974357122200655,0.300866410947327,0.6701863837325357,0.3573718149270531,0.0039047723322690533,1.029187880560183,0.027601922883333484,-0.0006924759733123243,-0.3131749414421309,-0.3067190446289033,-0.006351545961447752,-0.02269260617625542,-0.005100765070919439,-1.2805987374804717,0.6963382579788617,0.24980840029599097,-0.2904038742826651,1.0960637729826752,0.5484484608331428,0.41507548827599167,0.40385289517465267,0.507702241345278,0.20199254431652822,-0.47303208124701884,-0.6109150525699489,-0.7619534975224157,-0.24600210857491328,-0.43480570622500003,0.746025081518974,0.0,2
Liberia,-0.2660997274122586,-0.21073846228900184,-0.1798533971299904,0.05652802712083956,-0.21646223773454146,0.24016999136411427,-0.5910838008491004,2.0045870841639903,-0.11810733641449093,-0.587839337963017,0.8089680363773171,0.10320657315648252,0.06194132841501068,0.045945559866690994,0.07548707697638943,0.33231921959256505,-0.31320754250076266,-0.3113111877446219,0.00785052779610239,-0.03764761667929064,0.9439603359370143,-0.3899890024307377,0.9386809039927817,0.31860986397597246,-0.2654480232980332,1.0775374980753603,0.5333873386925037,0.41507548827599167,0.47238550768913923,0.22903946962684293,-0.17319977687987942,-0.6904695181016458,-0.09030199300607443,0.47761274632083295,-0.24175592032101306,-0.5088541742905863,1.8692538559407998,0.0,1
Luxembourg,-0.3271607987835902,-0.24193023903763655,-0.10325619624427128,0.028225390967415515,-0.1793557872359587,0.3481698500236767,3.6807374800954213,-0.005270976270918011,-0.09997265631176787,0.8514103435669602,-0.2814592344031098,0.057273095728066145,1.039964773513063,0.10897391375729946,-0.020283231209722453,-0.03240787555101493,-0.25640252648197226,-0.2268295308447472,-0.0808087423177479,0.044950721677068636,0.651941535626881,1.2202652060297183,-0.0912753415663782,0.1672466438800132,-0.28566113337155863,-0.21003860798304358,0.4555715409658682,0.49183942816963555,0.5042042206422936,0.5801106780910131,0.8631921267528202,1.257940455281972,-0.6345792825501251,0.17729028344194603,-0.2485296015831872,1.720827475239845,-1.2639735115152932,0.0,0
Madagascar,0.001042670328862277,-0.05403512678639846,-0.18207045572543404,-0.024842051820254767,-0.2112530069078212,0.3346698676912314,-0.5934016962714829,0.6978946624364791,0.06323946461273992,0.21220203228573825,1.5251804937762794,0.03277524109957745,-0.5076767220267121,-0.02968846480203916,0.31491284744166914,0.31646151980371373,-0.30568601254500744,-0.30103397145164373,-0.0010597360014341036,-0.03250413040801552,1.016965036014548,-0.9704757047399392,1.7262945035380217,0.3002628069946441,-0.2902909518800197,0.5634333693973644,0.35767424705171386,0.41772252068611726,0.4552523545605176,0.38043892827701625,-0.7129231569615967,-0.7267090909107502,3.804154140874337,-0.17603026112145023,-0.23609433598247945,-0.6075854650447013,0.8033366503631282,0.0,1
Malawi,-0.26210600116084964,-0.1062896245265775,-0.11534133917629734,-0.0708338355695689,-0.2135024782991671,0.33129487210812003,-0.5946399065802971,0.7320565558149762,0.01660743006288062,0.22457380605247146,1.418616010495465,-0.10808742301423278,-0.3163710371613788,0.15939659686978624,0.7937643883722285,0.7921925134692528,-0.312117735683644,-0.30707723179192936,-0.0019893782917067716,-0.03440592365117607,1.1629744361696144,-1.7179517323709659,1.1810235500067017,0.32319662822130457,-0.26138281680279907,1.25122132533144,0.5685299570206617,0.41507548827599167,0.5409181202036257,0.3255840519544897,-0.8774542158469066,-0.6179903724834368,-0.07677957587454522,0.1802346213133077,-0.24013832479571776,-0.6158130726075443,0.9881372192891767,0.0,1
Mali,0.36752079940351806,-0.10689120170591472,-0.19459031602911572,-7.72451860085347e-05,-0.20897506977425281,0.4865446689312411,-0.5787274045493759,1.124918329667692,0.09432748764597958,-0.12183585941606165,1.0914878292613368,0.19507352801331526,-0.24758697069294433,0.2140211702416469,0.8735729785273217,0.9031964119912119,-0.3020812669191532,-0.30312339656929566,0.01651765437925988,-0.03367113989813677,1.1629744361696144,-0.7796307615149963,1.9686371495519412,0.3919980919012861,-0.18787033268064798,1.5291154489411671,0.458081727989308,0.41507548827599167,0.4944138474259384,0.1522426427753057,0.7263391899229829,-0.5966729767133754,-0.5297805497807737,-0.6942337264810982,-0.2435757152869703,-0.6322682877332302,0.8501216045216214,0.0,1
Mauritania,0.2499306799572535,-0.213084613288417,-0.19932873538016188,0.049452368082483426,-0.2144493031059493,0.2705449516121162,-0.5577035360879514,0.5840216845081557,0.6668652451748086,-0.18575669054418387,0.685055846515905,0.035837472928138527,0.21670547796898826,0.377894890357229,0.410683155627781,0.3957500187479703,-0.30863407970413625,-0.30466635665617714,0.0012000098733825355,-0.04209954177123465,1.1629744361696144,0.015556501922265901,0.9992665654962617,0.32319662822130457,-0.21248741645734373,1.2859580907826558,0.3777557432392327,0.41507548827599167,0.47483310099322795,0.5120906314510801,-0.04711055418272602,-0.4922177374400742,-0.3810339613339524,-0.8031742277214786,-0.24600210857491328,-0.5582198196676439,0.7637643766374027,0.0,2
Mauritius,-0.32750712753933436,-0.2368093132985285,0.06971784593749741,-0.08144732412710286,-0.21005202368833795,0.3481698500236767,-0.22326250323074145,0.0715932838307003,0.17463821381518177,0.5771693584043714,-0.13276460656941524,0.5166078700122299,0.588569337313962,0.19301171894477742,-0.052206667271759745,-0.06412327512871754,-0.305974764778603,-0.2932732495860793,-0.026117171271552782,-0.03129389834418608,-0.8081524659237865,-0.7875826341493688,-1.1818172486290182,0.1672466438800132,-0.40219705290160446,-0.010881152729405602,0.40285761347363125,0.41507548827599167,0.5237849670750041,0.21368010425653547,0.7417159243982455,0.251759374935071,0.19704937103892126,-0.24963870790549114,-0.2481252027018634,-0.2455707322796129,0.6789666472251337,0.0,3
Mexico,0.7740125292593322,0.7249471627373643,-0.1723327866003483,-0.035455540377788725,0.5552785994619682,0.3144198941925634,-0.2258331820725704,0.09152105496815689,0.5191971357669205,0.2884946371805937,0.018408265061507615,0.5166078700122299,0.45530020853137015,0.045945559866690994,0.3308745654726878,0.31646151980371373,1.4250902183326686,1.4628036071527473,-0.17943663822113742,-0.7369024141304578,0.06790393500661383,0.7829122111392242,-0.1518610030698581,0.20394075784267,-0.2837414525265869,0.1465921839827733,0.44051041882522907,0.4706631688886304,0.5335753402913593,0.8938805706558652,-0.10861749208377644,0.4073763640565196,3.2564962470474046,0.1920119727987542,0.6116268189925991,-0.1550670490883408,0.6664906594495354,0.0,3
Mongolia,0.5493428348583889,-0.22319110990128224,-0.2003285853349698,-0.08144732412710286,-0.20988461801383887,0.3076699030263408,-0.4403777537468782,0.41036539316746246,0.46997443263095784,0.09673214379622716,0.39014483464574407,0.3788074377269808,0.23390149458609683,0.13838714557291676,0.7618409523101912,0.7763348136804016,-0.2932929529708498,-0.2992292592071663,0.03137762883454145,-0.03954940992245119,0.4329274353942807,0.49664479630180963,0.5751669349719016,0.22687457906933048,-0.2904038742826651,0.2392235585193491,0.40034742645019133,0.49183942816963555,0.5164421871627377,0.334360832166094,0.1943041770788969,-0.3600498836656931,-0.5331611540636559,-0.5705715358839094,-0.18069168924111473,0.025940317294203458,0.7089869928101669,0.0,2
Morocco,-0.07795901642511642,0.02243285242210357,-0.1663771586086664,-0.07437166508874724,-0.149834779283909,0.3785448102716787,-0.48554029653307645,0.3790503242371735,0.33525966615358627,0.22663576834692706,0.4942310741293303,0.3788074377269808,0.14362240734627654,0.3106646462072466,0.49049174578287424,0.47503851769222677,-0.20973643969765815,-0.12317567643674739,-0.26034412185302175,-0.06576390087647102,0.06790393500661383,0.027484310873825003,0.27223862745450167,0.21770105057866632,-0.28317684051335995,0.36196012978031206,0.4304696707314697,0.4309576827367456,0.40385289517465267,0.4089634639647301,0.531054662087148,0.4009811453255013,0.028019156894806142,-0.4380763316726358,-0.2412504217193583,-0.47594374403921463,0.6953413811806063,0.0,2
Mozambique,0.12008826864651172,-0.023219335774849505,-0.1848091751668644,-0.1663552325873755,-0.20781881843540492,0.4527947131001278,-0.5879432881973327,0.689354189091855,0.13059684785142572,0.1647768995132604,1.5450064441541054,-0.12952304581416044,-0.41094912855547616,0.8863236117414707,0.6022237720000048,0.5860424162141858,-0.30058161822209245,-0.29033427799201944,-0.018708637327533674,-0.14512054620471573,1.1629744361696144,-1.0857778579383421,0.8780952424893016,0.34613044944796506,-0.26330249764777075,1.2697476002387549,0.458081727989308,0.41772252068611726,0.5629464599404249,0.8280547190688333,-0.27929924475919127,-0.6243855912144552,0.37284079374880097,0.6189409641461914,-0.17037951776735707,-0.5006265667277434,0.9103572330006816,0.0,1
Myanmar,0.05115762003768835,0.15501294303328456,-0.16568161081401742,-0.1663552325873755,-0.17542548154195003,0.47641968218190706,-0.5608526176691919,0.7491375025042246,0.480337106975371,-0.15895118071626158,0.27118913237878844,0.19201129618475418,0.46389821683992455,-0.09271681869264763,0.49049174578287424,0.4433231181145242,-0.2618282740971146,-0.24257139744543046,-0.04845719061625905,-0.103799765739682,-0.29711956538105294,-1.0102350679118022,0.39340995046146177,0.20394075784267,1.281588892943855,0.7533276871973449,0.34010293788763485,0.4309576827367456,-2.0192644758732636,0.18296137351592057,-0.24085740857103474,-0.3515229253576685,0.4134080451433886,0.5247221522626189,-0.1401507013884008,-0.541764604541958,0.7093768674281542,0.0,2
Namibia,0.13397285228036312,-0.2272667952912919,-0.1998503962261486,-0.19465786874079957,-0.210065578803682,0.40891977051968054,-0.41037793166273434,0.17692578841439943,0.37930103211734245,0.337981732247527,0.4074925412263418,0.19201129618475418,0.34782510467444133,0.9199387338164617,-0.17990041151990893,-0.17512717365067665,-0.2937633396739651,-0.2837858819090047,-0.018165154142451193,-0.055801097636732244,0.651941535626881,-0.509267091946327,1.4233661960206216,0.2635686930319873,-0.2849835989556862,0.5541702319437068,-2.2027165168569383,0.41507548827599167,0.40385289517465267,0.8653560349681513,0.14971164710063525,-0.3408642274726377,-0.28299643713036565,-0.5587941843984628,-0.24721530521888477,-0.4101228835364713,0.6900780738377759,0.0,3
Nepal,-0.24599806549863126,-0.025956511940833843,-0.1123417893118736,-0.20880918681751184,-0.2038525916857345,0.3211698853587861,-0.5795757285671794,0.894325549362837,-0.027433935900875485,0.1420953142742493,1.4855285930206275,0.07870871852799381,-0.5076767220267121,-0.0002752329864218647,0.6341472080620421,0.6177578157918885,-0.3129187902671671,-0.2905455165753425,-0.055951537694764866,0.03382090894720861,-0.07810546514845287,-1.6265051970756805,0.8175095809858218,0.20394075784267,-0.2557366966705294,0.4708019948607886,0.4279594837080298,0.41507548827599167,0.4944138474259384,0.608635213778727,0.0682149543817435,-0.4410559875919266,-0.320183084242071,-0.061201084138346504,-0.20354022603591113,-0.5088541742905863,0.777604925575957,0.0,1
Netherlands,-0.3052943757547935,-0.11821589210693784,0.018421196082134977,-0.04253119941614486,0.29067868141141584,0.2975449162770068,1.2887765158151558,0.040278214900411356,0.10469016199039274,0.6555239255936826,-0.25915504022805563,0.2318203099560484,0.8980976364219171,0.10897391375729946,0.25106597531759456,0.23717302085945724,2.067009720086042,1.6185002194911857,1.3069326642231287,1.3884595915357256,-0.7351477658462531,1.2321930149812772,-0.5153749720907381,0.17642017237067742,-0.15907512000607268,-0.2077228236196292,0.5559790219034625,0.5050745902202638,0.5384705268995369,0.7929475982224162,0.47877376487125506,1.168407393047714,-0.5365417583465383,-0.4822413997430603,-0.0017451842553199825,0.7993354282014379,-1.2639735115152932,0.0,0
Nicaragua,-0.25543257721102514,-0.19956416618281303,-0.1787231319636858,-0.1062121307613491,-0.2092509163715043,0.3954197881872353,-0.5212041809987168,0.524238371095786,0.28085562584541707,0.1647768995132604,0.28358035136492965,0.1889490643561931,0.45744971060850875,0.12998336505416896,0.49049174578287424,0.47503851769222677,-0.30583038866180523,-0.28743204354288526,-0.043851885732139065,-0.04164570474729861,-0.07810546514845287,-0.028178797566783577,0.0904816429440618,0.20394075784267,-0.28972633986679275,0.17438159634374603,0.5082854684581052,0.43889877996712245,0.40385289517465267,0.9619006172957982,0.3649859297543117,-0.3962894564747976,-0.18495891292677888,-0.04647939478153832,-0.23993612535505582,-0.4512609213506859,0.7376427772322439,0.0,2
Niger,0.38256841898858795,-0.08482083893898056,-0.1938078247601356,0.014074072890703239,-0.2130124608794795,0.35154484560678806,-0.5952354471786542,1.1163778563230677,0.08137414471546309,-0.10534016106041727,1.2302694819061184,0.18588683252763202,-0.3615105807812889,-0.01288090376454355,0.7778026703412099,0.7604771138915503,-0.3118755563909509,-0.30610369745139704,-0.004263426355604528,-0.043914889866978814,1.8200167368674145,-1.6225292607584942,1.9686371495519412,0.4378657343546071,0.062478633984188944,1.235010834787539,0.4329798577549095,0.41507548827599167,0.5678416465486026,0.33216663711319294,-0.7052347897239655,-0.7693438824508732,-0.5568253840438321,-0.7825638626219472,-0.23892512815174627,-0.6240406801703872,0.9048989883488574,0.0,1
Nigeria,0.18990859485315426,1.1890865157402524,-0.11008125897926442,0.08836849279344193,0.11735281028582345,0.3211698853587861,-0.49431488031318593,0.5840216845081557,0.1150528363348059,0.2555032404693048,0.37775361565960286,0.19507352801331526,0.3714696275229657,0.1005701332385517,0.2670276933486132,0.2688884204371598,0.1685569300770625,-0.14688491134320242,0.9752076906756785,-0.3597206246659003,1.016965036014548,-0.4655317924572778,1.7262945035380217,0.35989074218396133,2.4620796901987965,1.4781681929460506,0.3752455562157928,0.41507548827599167,-2.0192644758732636,0.08202840108247164,-0.15628536895709041,0.194202406355905,0.5486322164586807,-0.5705715358839094,0.8478968654060467,-0.4018952759736284,0.6760425875902278,0.0,2
Norway,-0.11183749030143983,-0.20642966574199903,-0.19489461818927464,0.05652802712083956,0.04415179864909166,0.28404493394456154,2.5678349114260954,0.040278214900411356,0.4829277755614743,0.3524154683087159,-0.25915504022805563,0.3634962785841753,0.8056690471049581,0.08796446246042998,0.059525358945370775,0.0627383231820929,0.09886518131054785,0.018156712235723356,0.24716905769044936,0.710232576193595,-0.07810546514845287,0.834599383262646,-0.33361798758029815,0.1810069366160095,-0.20774467554623724,-0.23319645161718755,0.5258567776221841,0.5315449143215204,0.5849747996772242,0.8280547190688333,0.3265440935661552,1.2472817573969412,-0.45540725555736306,0.1684572698278612,0.5802859056900023,1.2518538441577984,-1.2639735115152932,0.0,0
Oman,-0.15488665982014133,-0.2114603549042065,-0.19467725950344683,3.275952889572837,-0.17052462958930703,0.42241975285212585,0.05565186664296324,0.031737741555787104,0.9103880922685186,0.018377576606916003,-0.1897642139056648,0.9575692533250272,0.32847958598019417,0.621604525400915,0.5543386179069488,0.538469316847632,-0.20229874103552742,-0.20783642691813514,0.02617163200901451,-0.2526150870169949,3.7911436389608153,0.7192972300642428,4.028549640670262,0.23146134331466256,-0.28972633986679275,-0.0664599774513511,0.37273536919235295,0.45478097442787646,0.5262325603790929,-0.014516181245175156,1.0384868997708139,0.7655086129935523,-0.33708610565648245,-0.8090629034642018,0.06437403284112622,1.3012194895348559,0.6659058475225543,0.0,0
Pakistan,0.11824436271033764,1.2351823671069666,-0.09008425988310619,0.19096554884960418,-0.03726022410730132,0.4156697616859032,-0.5501885849403382,0.7149756091257277,0.07878347612935975,0.18745848475227153,0.7296642348660134,0.35124735126993095,-0.04338427336477954,0.12157958453542118,0.5703003359379675,0.6019001160030372,-0.22055999116340125,-0.09882813363720748,-0.3694126157856274,-0.05370480281188482,0.5789368355493475,-0.8233660610040459,0.5751669349719016,0.2681554572773194,2.8029924237852386,1.327642209324115,0.3476334989579544,0.43625174755699686,0.4674903210809616,0.4111576590176312,-0.3915494064286082,-0.4325290292839021,-0.1984813300583081,-0.7501761460369691,-0.026514615736404568,-0.5253093894162721,0.6916375723097256,0.0,2
Panama,-0.28633441998246845,-0.21549844172050758,-0.17724509290005672,0.006998413852347603,-0.1825209066687955,0.4257947484352372,-0.04214960989441912,0.0687464593824922,0.28862763160372695,0.48644301744832696,0.045668946831018284,0.3451228876128088,0.5541773040797449,0.13418525531354286,0.28298941137963185,0.28474612022601115,-0.3132308289712139,-0.2609353777651891,-0.1491159973691673,-0.09204322569105315,0.28691803523921394,0.28194423517374856,0.15106730444754185,0.21770105057866632,-0.26612555771390556,0.06322394689985503,0.4831835982237066,0.4574280068380021,0.4821758809054944,0.36069117280090673,1.258374202767069,0.27520851028213866,0.6230055106820913,1.0252595903940969,-0.24600210857491328,-0.3772124532850996,0.6662957221405418,0.0,0
Papua New Guinea,-0.06881526370052718,-0.184276586112906,-0.19328616391414888,0.11667112894686599,-0.20340730614668232,0.4527947131001278,-0.4907544901172528,0.5612470889224911,0.3171249860508632,0.11116587985741597,1.3789641097398129,-0.08052733655718294,-0.30347402469854734,-0.021284684283291354,-0.24374728364398351,-0.27027337238378446,-0.2753949717820155,-0.27389899778086263,0.007450066501831088,0.09603980380015428,0.651941535626881,-1.849157630838114,0.15106730444754185,0.2727422215226515,-0.27945040122606196,0.8459590617339207,0.39030667835643196,0.41507548827599167,-2.0192644758732636,0.018396744548340806,-0.7036971162764392,-0.6478347265615229,0.9948719817991446,1.3726914592147699,-0.2376108317874438,-0.4841713516020576,0.7343288429793506,0.0,2
Paraguay,-0.10029806313679246,-0.19510497534097593,-0.19376435302297004,0.09544415183179807,-0.199070346992352,0.3346698676912314,-0.43176597962675123,0.5299320199922021,0.3508036776702061,0.10704195526850493,0.17205938048965871,0.34206065578424766,0.44885170229995447,0.10477202349792558,0.9693432867134336,1.0459157100908738,-0.27663381201002224,-0.269862503982146,-0.008925939996048985,-0.02904632451135998,-0.005100765070919439,0.007604629287893449,0.15106730444754185,0.21770105057866632,-0.29017802947737437,0.3781706203242128,0.528366964645624,0.44948690960762516,0.5262325603790929,0.2619523954203589,0.20045487086900204,0.1302502190457206,-0.4723102769717746,0.3510062178522825,-0.21627879079761178,-0.35252963059657083,0.6701944683204162,0.0,3
Peru,0.39279325628945455,-0.00444260806478661,-0.19028661404972513,-0.01422856326272081,-0.08878999508772555,0.341419858857454,-0.3505882262665293,0.20539403289648028,0.4492490839421313,0.2637510896471271,0.2910150827566143,0.2746915555559037,0.39081514621721286,0.09636824297917777,0.7299175162481539,0.7604771138915503,-0.14834398899997062,-0.1484829771474725,0.0070066986403164305,-0.21810186191100178,-0.005100765070919439,0.759056593236106,-0.0912753415663782,0.21311428633333418,-0.28758081421653026,0.14196061525594453,0.4204289226377102,0.44419284478737386,0.5017566273382048,0.5669455077736066,0.26965017600768376,0.05563933385050546,1.6439480041125465,0.895708724054185,-0.14601448516759633,-0.4183504910993142,0.6694147190844413,0.0,3
Poland,-0.1531022528274176,0.04071327895921326,-0.1470322355699916,-0.24064965249011372,0.10548056251173309,0.361669832356122,-0.08124963507863747,0.06305281048607604,0.46997443263095784,0.34829154371980475,-0.043547829869198466,0.651346070468918,0.4166091711428758,0.09636824297917777,0.21914253925555724,0.20545762128175463,0.5987558424876296,0.551051960099286,0.12259699079391184,-0.08242620304097992,-0.9541618660788532,0.039412119825383826,-1.1818172486290182,0.158073115389349,-0.26364126485570694,-0.18456497998548524,0.443020605848669,0.4759572337088817,0.5237849670750041,0.5735280929323099,0.8662674736478725,0.6333407592191712,-0.47569088125465686,0.0948488230438202,0.0358639117077962,0.17403725342537602,-1.2639735115152932,0.0,0
Portugal,-0.2768448998129224,-0.16864309916488007,-0.1521619005555278,-0.36801151518052266,-0.08289758644766493,0.28404493394456154,0.21368006397966163,0.05451233714145178,0.16427553947076862,0.597788981348927,-0.11541689998881753,0.47373662441237463,0.6036158518539321,0.3148665364666205,0.07548707697638943,0.0627383231820929,-0.0569771935374282,-0.004312644029487658,-0.1614301821680099,-0.0008652064536173042,-1.2461806663889867,0.15869020934097317,-0.5153749720907381,0.158073115389349,-0.288371271035048,-0.22161752980011556,0.5208364035753044,0.5315449143215204,0.5286801536831818,0.7227333565295821,0.27733854324531504,0.646131196681208,0.2781838738280965,0.21851101364100886,-0.2238612698224336,0.025940317294203458,-1.2639735115152932,0.0,0
Qatar,-0.32209721417164916,-0.2264772252434118,-0.10238676150096004,7.110960088361809,-0.10626728305658256,0.35154484560678806,2.545037274563809,-0.005270976270918011,1.0476935273319934,-0.059976990582395015,-0.2839374782003381,1.4015928684663854,0.09848286372636654,-0.11372626998951711,0.8735729785273217,0.8556233126246581,-0.04954415216938774,-0.16743475178604306,0.36943847214492687,0.27811489554592267,3.8641483390383486,1.5780994745764865,2.5139081030832613,0.1901804651066737,-0.2887100382429842,-0.12203880217329657,0.337592750864195,0.4680161364785047,0.4919662541218497,-0.04084652187998792,0.9416134725766594,1.1641439138937018,-0.5399223626294206,-0.8090629034642018,0.6775438366483834,6.295377280180508,-1.2639735115152932,0.0,0
Romania,-0.19480090859195326,-0.09834128604458452,-0.16402968480172608,-0.21942267537504578,-0.0972429650162781,0.35491984118989933,-0.2198435003711089,0.12568294834665392,0.49069978131978415,0.2864326748861381,0.31827576452612505,0.5931636657262571,0.14362240734627654,0.17200226764790794,0.011640204852314838,-0.0006924759733123243,-0.02007745246037022,0.02794716135843537,-0.14858681637316595,-0.06435916723095471,-1.3921900665440534,-0.1951681228886085,-1.121231587125538,0.1672466438800132,-0.28679035739801256,-0.08730203672208066,0.42293910966115,0.48654536334938425,0.4797282876014057,0.4133518540705322,0.22659531947694828,0.37326853082442124,-0.320183084242071,0.0595167685874806,-0.13701661005814111,-0.10570140371128327,-1.2639735115152932,0.0,3
Rwanda,-0.31382854496441015,-0.15452107487993888,0.01394360715408215,-0.1415904259531293,-0.2123665596333353,0.4629196998494618,-0.5807411029754752,0.9740366339126634,-0.022252598728668905,0.08023644544058264,1.5450064441541054,-0.03459385912876657,-0.4797331950239106,-0.025486574542665254,0.6341472080620421,0.6177578157918885,-0.3132960310884774,-0.3064848453300017,-0.007467116709774953,-0.042812714237419856,0.870955635859481,-1.220959692722677,2.7562507490971817,0.29108927850397986,-0.11526122777966012,0.7301698435632009,0.4706326631065073,0.41507548827599167,0.4919662541218497,1.304195045548364,-0.33619316231766294,-0.4325290292839021,-0.4621684641231277,-0.2437500321627679,-0.24064382339737253,-0.5993578574818584,0.9323851489169722,0.0,1
Saudi Arabia,0.9100400241349756,0.0013626117158175367,-0.19454684429195016,1.1567930075852038,0.2248692741717971,0.34479485444056535,0.27672167811078013,0.05451233714145178,0.7782639943772504,0.11116587985741597,-0.16746001973061062,0.4400520742982026,0.6723999183223666,0.10477202349792558,-0.052206667271759745,-0.06412327512871754,0.5329669061687452,0.30944094220886864,0.6730739463370613,-1.2449405454965734,1.089969736092081,0.9379737275094899,0.15106730444754185,0.2222878148239984,-0.21113234762559904,0.012276690904738352,0.40034742645019133,0.48389833093925866,0.40385289517465267,0.3957982936473237,1.2952783655076991,0.6674485924512694,-0.2289067686042488,-0.7943412141073937,2.36975095554795,1.696144652551316,0.6659058475225543,0.0,0
Senegal,-0.21819578089447966,-0.12712675407587037,-0.16542078039102404,-0.12743910787641752,-0.20861382595033373,0.4494197175170164,-0.5720093638427296,0.43029316430491904,0.210907574020628,0.2884946371805937,0.96014090800824,0.3788074377269808,-0.2626334852329144,0.26444385335413373,0.42664487365879966,0.42746541832567286,-0.3038976116143511,-0.2894939158018429,-0.03150909655513426,-0.048193924664090046,1.2359791362471477,-0.6285451814619163,1.0598522269997417,0.3277833924666366,-0.2705295314170759,0.7278540591997865,0.40034742645019133,0.41507548827599167,0.5849747996772242,0.8960747657087663,0.11742050470258389,-0.3536546649346747,-0.2559516028673072,0.4628910569640247,-0.24135152143968924,-0.5746750347933297,0.7924201610594799,0.0,1
Sierra Leone,-0.2880295785600166,-0.18949526814365636,-0.15568311126593828,-0.07437166508874724,-0.2148152912202388,-0.4550790987568189,-0.5808482145938848,1.4523031412116216,0.042514115923913604,-0.31566031509488374,1.3715293783481284,-0.05602948192869422,-0.3142215350842402,0.003926657272952037,1.097037030961583,1.0776311096685762,-0.31402256896655656,-0.3102504026848909,0.0020438390291684957,-0.047523974771613034,0.7249462357044141,-0.7796307615149963,0.5145812734684219,0.31860986397597246,-0.28950049506150194,1.8973251627240562,0.5609993959503421,0.41507548827599167,0.4699379143850504,0.231233664679744,-0.044035207287673454,-0.7629486637198548,-0.07339897159166292,0.4069486374081535,-0.24377791472763222,-0.5746750347933297,1.0861906857130188,0.0,1
South Africa,0.3567688912734071,0.18017390855906365,-0.1808532470847983,-0.13451476691477315,-0.004651360879875949,0.2739199471952275,-0.3632745263509552,0.05735916158965986,0.33525966615358627,0.4596375076204048,-0.16250353213615415,0.5472301882978408,0.5928683414682392,0.9661595266695747,0.410683155627781,0.41160771853682154,0.028963854309971893,0.02858546925152025,2.7230368730862038e-05,-0.3139263078220685,0.06790393500661383,0.2103773814643951,-0.1518610030698581,0.21770105057866632,1.066810483112317,0.5564860163071212,0.5032650944112255,0.43625174755699686,0.550708493419981,0.885103790444261,1.0292608590856565,0.2901306873211816,1.2923651586927871,-0.5852932252407176,0.46887401388528716,0.3385894046822344,0.6750679010452592,0.0,3
Spain,-0.04462052352614444,0.10224710469066887,-0.16081277625147453,-0.1415904259531293,0.5906784609387344,0.33804486327434274,0.4975772663417781,0.06305281048607604,0.19795423109011154,0.5627356223431825,-0.2170248956751755,0.33287396029856436,0.7884730304878496,0.6426139766977845,0.04356364091435213,0.031022923604390282,0.996125488856018,1.0746527102966343,-0.2878615336450927,0.3312138273464394,-1.10017126623392,0.798815956407969,-0.6971319566011781,0.158073115389349,-0.25788222232079183,-0.22161752980011556,0.5082854684581052,0.5156627198607665,0.5090994072504713,0.817083743804328,0.23889670705715854,0.8614368939588289,1.4140669128765502,0.2744534331968799,-0.10436140039124184,0.17403725342537602,-1.2639735115152932,0.0,0
Sri Lanka,-0.2917847477268369,-0.08933266778400968,-0.05648060705412726,-0.27249011816271607,-0.16206352659154805,0.39204479260412395,-0.440364900352669,0.2367091018267692,0.3818917007034457,0.29261856176950485,0.3653623966734616,0.5380434928121576,0.13932340319199948,0.09216635271980389,0.3308745654726878,0.34817691938141637,-0.2670770445368274,-0.2250982928901213,-0.11899558716433288,-0.062478985274648256,-0.5891383656911864,-1.6344570697100533,-0.6365462950976981,0.19476722935200583,-0.24049217231340128,-0.09888095853915264,0.3702251821689131,0.41507548827599167,0.4576999478646064,0.08641679118827376,0.31424270598594517,-0.17672028004316448,1.312648784390081,0.16551293195649952,-0.23103934996593156,-0.5006265667277434,0.6762375248992215,0.0,2
Sudan,-0.3286679182474037,0.058474845179144606,-0.19119952053020192,-0.01069073374354249,-0.1639409100666996,0.3954197881872353,-0.5259128077440001,0.9114064960520855,0.10728083057649607,0.024563463490282753,0.501665805521015,0.3696207422412975,0.14147290526913808,0.4367213539884635,-3.164741683320396,-3.1563747339547215,-0.3078237105324326,-0.27948304380957645,-0.07474461414735388,-0.14728167489012545,0.7249462357044141,-1.0221628768633615,0.39340995046146177,0.31860986397597246,3.7969354118699905,0.8390117086436776,0.4932243463174661,0.4971334929898869,0.40385289517465267,0.6283829692548365,-0.33619316231766294,-0.24919942566137343,-0.2221455600384842,-3.723957396112221,-0.18018619063945995,-0.533536996979115,0.68715401420287,0.0,2
Sweden,-0.08243603126436282,-0.17179385964165875,-0.1906778596842152,-7.72451860085347e-05,0.1181057969431857,0.36841982352234465,1.561071387671151,0.02604409265937093,0.2679022829149006,0.5359301125152603,-0.26906801541696856,0.30225164201295346,0.8551075948791456,0.18040604816665573,0.011640204852314838,-0.0006924759733123243,0.3338442973400674,0.3320985763418241,-0.008983148752373459,0.48340050937299145,-0.3701242654585863,1.0453240080735204,-0.6365462950976981,0.18559370086134158,0.10313069893653053,-0.23319645161718755,0.581080892137861,0.5236038170911433,0.5923175795894906,0.9158225211848758,0.5848732327505671,1.1151139036225601,-0.48921329838618605,1.219585889903965,-0.10476579927256567,1.0297084399610397,-1.2639735115152932,0.0,0
Switzerland,-0.3054352647623977,-0.18258465029602008,-0.10795114385815191,-0.0708338355695689,0.23677812075731644,0.2570449692796709,2.8525632999470703,0.008963145970122413,0.24717693422607417,0.564797584637638,-0.22693787086408848,0.3696207422412975,0.7734265159478794,0.0669550111635605,0.10741051303842672,0.0944537227597955,1.1028427256400275,0.9213577888077167,0.5172945028655245,1.6531762442115616,-0.07810546514845287,0.5721875863283498,-0.4547893105872581,0.1672466438800132,-0.1660763089700871,-0.19845968616597162,0.5760605180909812,0.5236038170911433,0.5286801536831818,0.6722668703128577,0.7632433526636132,1.0596886746204004,-0.42160121272854,0.12134786388607498,-0.19332915428248443,0.3714998349336061,-1.2639735115152932,0.0,0
Thailand,-0.04059255731671213,0.2728243138917369,-0.14246770316760765,-0.17696872114490947,0.049973720689363184,0.32454488094189743,-0.3614836200911477,0.2480963996196016,0.5114251300086107,0.17921063557444936,0.5289264872905257,0.4400520742982026,0.06838983464642635,-0.1011205992113954,0.4745300277518556,0.41160771853682154,0.6801280848324935,0.5838765990904424,0.27023848867829264,0.675719351087602,-0.6621430657687197,-0.36215744821043366,0.6963382579788617,0.1672466438800132,0.3352991587754592,-0.02940742763672078,0.38528630430955224,0.41507548827599167,0.5042042206422936,0.0666690357121642,0.514140254164359,0.02153150061840708,1.3937832871792561,0.13312521537152147,0.08833466655956314,0.017712709731360538,0.6662957221405418,0.0,3
Togo,-0.29673831542447343,-0.187683016890903,-0.13885954898286604,-0.028379881339432585,-0.21508436025981828,0.4156697616859032,-0.5866493798469454,1.290034147663761,0.09691815623208282,-0.24349163478893934,1.235225969500575,0.011339618299649773,-0.2454374686158058,0.15939659686978624,0.6501089260930607,0.6811886149472938,-0.3128629027380841,-0.30676955820317625,-0.00523597521312055,-0.029024713224505883,0.9439603359370143,-0.7756548251978099,1.1810235500067017,0.31402309973064035,-0.27482058271760085,1.0011166140826853,0.4128983615673906,0.41507548827599167,0.5311277469872705,0.3453318074305993,-0.42076520193160727,-0.664888643177572,-0.4013175870312462,-0.6971780643524597,-0.2379141309484367,-0.5006265667277434,0.773316304778095,0.0,1
Tunisia,-0.23677629057461183,-0.15960440204533838,-0.1689419911014345,-0.09206081268463732,-0.18993081047162305,0.2570449692796709,-0.4537667060480706,0.2822582929980986,0.3067623117064501,0.32148603389188257,-0.023721879491372545,0.6452216068117957,0.40371215868004434,0.4871440371009502,0.139333949100464,0.1261691223374981,-0.25339857179376046,-0.2253049393303286,-0.07634645932443909,-0.1022653643730411,-0.07810546514845287,0.2898961078081213,-0.2730323260768182,0.20394075784267,-0.28961341746414737,0.1396448308925301,0.458081727989308,0.4574280068380021,0.5580512733322474,0.645936529678045,0.5771848655129358,0.21765154170297263,-0.3472279185051294,-0.6147366039543339,-0.22143487653449062,-0.3443020230337279,0.6881287007478386,0.0,2
Turkey,0.11120945461351278,0.3608576143729969,-0.15559616779160715,-0.11328778979970523,0.26869906188103104,0.3650448279392333,-0.2196249926695535,0.23386227737856116,0.27049295150100383,0.3833449027255492,0.17205938048965871,0.5870392020691351,0.27474203405172976,0.3274722072447422,0.3308745654726878,0.34817691938141637,0.3479652130217082,0.5973591312781922,-0.7917848637292032,-0.7166310270613147,0.2139133351616807,0.5523079047424182,0.0904816429440618,0.19476722935200583,3.1043823164457938,0.0030135534510807626,0.4179187356142704,0.4600750392481277,0.5213373737709153,0.2860885410022706,0.05591356680153347,0.3285019997072923,0.6399085320965028,-0.36446788488859494,-0.11740326431393536,-0.130384226399812,0.6717539667923659,0.0,3
Uganda,-0.1930277278149749,0.07599578052734106,-0.10795114385815191,-0.04253119941614486,-0.20071864901818903,0.4122947661027919,-0.5828661974847205,0.7178224335739358,0.14355019078194223,0.1338474650964271,1.470659130237258,-0.028469395471644385,-0.42169663894116904,-0.025486574542665254,-0.10009182136481569,-0.15926947386182536,-0.30336202279397223,-0.29742913910580465,-0.00516446426771496,-0.06991326795245767,1.5279979365572813,-1.7259036050053382,2.1503941340623816,0.3690642706746256,0.5306549153519896,1.105326910436333,0.46310210203618773,0.41507548827599167,0.4576999478646064,0.7117623812650768,-0.6452655252704413,-0.40694815435982834,-0.00916749021689918,-0.48518573761442196,-0.20778641428981134,-0.5664474272304868,0.7896910387335677,0.0,1
United Arab Emirates,-0.2816867666638927,-0.17563643387467523,-0.15233578750419005,5.738282234920737,0.03311657924749667,0.35829483677301066,1.121969450233612,0.008963145970122413,0.749766639930114,0.1647768995132604,-0.22693787086408848,0.3910563650412252,0.7583800014079096,0.02913799882919543,-0.46721133607824455,-0.4764234696388514,0.5948344008636383,0.6125407564187578,-0.0809660663976402,-0.021201427383322716,0.5059321354718141,1.0333961991219616,0.6357525964753817,0.1810069366160095,-0.288935883048275,-0.14519664580744052,0.37273536919235295,0.4574280068380021,-2.0192644758732636,0.3979924887002248,1.4613470978405356,1.1279043410845973,-0.4824520898204215,-0.6971780643524597,0.6245675831949616,2.3461256500159067,-1.2639735115152932,0.0,0
Tanzania,0.20311904423149726,0.18463309940090078,-0.17307180613216283,-0.08498515364628119,-0.18692903017868212,0.46629469543257307,-0.5730290664499884,0.8743977782253805,0.262720945742694,-0.07234876434912837,1.3442686965786177,-0.0590917137572553,-0.2884275101585773,-0.01288090376454355,1.224730775209732,1.2679235071347918,-0.2941079794366437,-0.27848195661034975,-0.035742544523145174,-0.09063849204553684,1.3089838363246813,-1.10963347584146,2.1503941340623816,0.33695692095730084,0.16365710675446135,0.7301698435632009,0.42293910966115,0.41507548827599167,0.48951866081776085,0.7578404773759992,-0.25315879615124476,-0.7011282159866765,2.9860479044168207,0.7337701411292951,-0.15460796139572772,-0.5006265667277434,0.7799441732838817,0.0,1
United States,5.191046820399888,2.1935248926501205,-0.18576555338450676,-0.07790949460792505,12.006588532681135,0.31779488977567477,1.7909886188195963,0.017503619314746675,0.09691815623208282,0.6782055108326935,-0.27650274680865333,0.27162932372734255,0.8852006239590855,0.07956068194168221,0.18721910319351995,0.20545762128175463,6.451633213235035,10.016115598060829,-11.382527273918896,-10.024244883244434,-0.4431289655361197,0.8783346827516952,-0.5153749720907381,0.18559370086134158,0.40576273802618457,-0.1498282145342693,0.7116106173567335,0.48389833093925866,0.5360229335954481,0.3782447332241152,0.3880510314672056,0.7740355713015767,4.443088350339092,0.1890676349273925,8.231816039497858,1.712599867677002,-1.2639735115152932,0.0,0
Uruguay,-0.2311542017293395,-0.22032609858468874,-0.19259061611949987,-0.2371118229709359,-0.18163304661375992,0.26379496044589357,0.056637293532331004,0.18261943731081562,0.3119436488786566,0.3874688273144604,-0.09806919340821985,0.3726829740698586,0.659502905859535,0.24343440205726424,0.4745300277518556,0.47503851769222677,-0.28375947196810614,-0.27728340725714723,-0.007695951735072841,-0.04372038828529194,-0.7351477658462531,1.42303795820622,-0.8183032796081381,0.1901804651066737,-0.2898392622694381,0.005329337814495149,0.4982447203643457,0.41507548827599167,0.51154700055456,0.4023808788060269,1.0430999201133924,0.5608616136009621,-0.31342187567630636,-0.5028517648425919,-0.23771193150777475,-0.18797747933971246,0.6666855967585291,0.0,0
Vietnam,-0.1428370011498677,0.47211931369141524,-0.06726159787118646,-0.07790949460792505,-0.08688346811458424,0.45616970868323914,-0.5220182292986293,0.527085195543994,0.5451038216279535,-0.04554325452120608,0.7222295034743286,0.44617653795532475,-0.10571983360179824,-0.03389035506141304,0.5862620539689861,0.538469316847632,0.5064343017365858,0.48489295423112844,0.04512203254149582,0.0005179159050449129,-0.15111016522598614,-1.0301147494977339,0.6963382579788617,0.1901804651066737,-0.27798240999167184,0.15817110579984528,0.4605919150127478,0.44683987719749946,0.5433657135077146,0.545003557244596,0.5879485796456194,0.30718460393723085,1.4106863085936678,0.5806645718184902,0.05183766752008749,-0.4183504910993142,0.6996300019784681,0.0,2
Yemen,-0.03225821474736277,-0.03388981099334339,-0.17794064069470572,0.06714151567837352,-0.19773245710789378,-0.7183287542395024,-0.5632133577389382,0.40751856871925435,0.5425131530418501,0.04105916184592713,0.501665805521015,0.29306494652727016,0.1952104571976025,0.5501723909915589,0.5862620539689861,0.5860424162141858,-0.31353821038117047,-0.2831429818728041,-0.0808945554522346,-0.08445766400526505,0.9439603359370143,-0.9903553863258707,1.3021948730136617,0.3002628069946441,3.5166620085041242,0.8042749431924616,0.42293910966115,0.4230165855063686,0.40385289517465267,-0.04084652187998792,-0.37463499850581944,-0.2811755193164656,0.33565414663709564,-0.7796195247505855,-0.18160158672409335,-0.5664474272304868,0.7241921029116772,0.0,1
Zambia,0.09383688574758049,-0.11777974865191834,-0.19119952053020192,-0.06022034701203495,-0.20344797149271446,0.3279198765250087,-0.554443058423565,0.2224749795857288,0.42334239808109836,0.2699369765304937,1.0444011971140001,0.04808640024238291,-0.10357033152465978,0.18460793842602966,1.2726159293027879,1.2679235071347918,-0.2858971699555313,-0.2804749467225716,-0.0043206351119290005,-0.035659378288713704,1.2359791362471477,-0.7398713983431332,1.4839518575241015,0.33695692095730084,-0.2279577856197626,0.9571167111778116,0.40787798752051097,0.4203695530962429,0.40385289517465267,0.35410858764220354,-0.2746862244166125,-0.36857684197371765,-0.3742727527681878,1.1224227401490308,-0.21132490450139485,-0.4512609213506859,0.7431010218840682,0.0,2
Zimbabwe,-0.10927622917913775,-0.12202086776624572,-0.18263558830858634,-0.1840443801832656,-0.20843760945086104,0.2671699560290049,-0.5724678015695224,0.3591225530997169,0.3767103635312391,0.20807810769682708,1.3591381593619871,-0.03153162730020549,-0.32067004131565596,0.0837625722010561,-0.004321513178703809,-0.03240787555101493,-0.3030034111490229,-0.29071542587062404,-0.02494439176690111,-0.05193267728984885,0.7249462357044141,-1.0778259853039698,0.27223862745450167,0.28191575001331565,0.05807466028101863,0.7880644526485608,0.4329798577549095,0.41772252068611726,0.6094507327181122,0.6744610653657589,-0.11630585932140775,-0.46663686251600045,-0.3708921484853055,0.2862307846823266,-0.20040613470565144,-0.4183504910993142,0.7828682329187875,0.0,1
